{"cameraMode":{"drawMode":0,"name":"Shaded","section":"Shading Mode"},"sceneLighting":true,"audioPlay":false,"sceneViewState":{"showFog":true,"showMaterialUpdate":true,"showSkybox":true,"showFlares":true,"showImageEffects":true,"showParticleSystems":true},"in2DMode":false,"pivot":{"x":0.39587467908859255,"y":-0.19691824913024903,"z":-0.6917842626571655},"rotation":{"x":-0.44127944111824038,"y":-0.4874577224254608,"z":0.31409746408462527,"w":-0.6848372220993042},"size":3.212801456451416,"orthographic":false}