{"cameraMode":{"drawMode":0,"name":"Shaded","section":"Shading Mode"},"sceneLighting":true,"audioPlay":false,"sceneViewState":{"showFog":true,"showMaterialUpdate":true,"showSkybox":true,"showFlares":true,"showImageEffects":true,"showParticleSystems":true},"in2DMode":false,"pivot":{"x":-0.08030000329017639,"y":4.032638667439414e-9,"z":0.01317177340388298},"rotation":{"x":0.4259238541126251,"y":0.03798126429319382,"z":-0.017899321392178537,"w":0.9037841558456421},"size":0.21280163526535035,"orthographic":false}